fecha,sku,producto,canal,precio_venta,unidades_vendidas,ventas_mxn,descuento_pct,inversion_marketing,distribucion_pct,precio_competidor,festivo
02/01/23,LUM-CHO-100,Chocolate Clasico,Supermercado,40.1,434,17402.32,0,3305.42,0.799,38.96,0
09/01/23,LUM-CHO-100,Chocolate Clasico,Supermercado,40.04,479,19179.6,0,1960.22,0.781,42.87,0
16/01/23,LUM-CHO-100,Chocolate Clasico,Supermercado,40.02,436,17449.21,0,1955.53,0.794,42.14,0
23/01/23,LUM-CHO-100,Chocolate Clasico,Supermercado,40.28,452,18207.06,0,2089.3,0.778,43.62,0
30/01/23,LUM-CHO-100,Chocolate Clasico,Supermercado,39.86,492,19612.56,0,2874.08,0.797,42.03,0
06/02/23,LUM-CHO-100,Chocolate Clasico,Supermercado,40.69,481,19569.64,0,1989.67,0.772,43.19,0
13/02/23,LUM-CHO-100,Chocolate Clasico,Supermercado,39.96,475,18982.68,0,3087.94,0.765,42.6,0
20/02/23,LUM-CHO-100,Chocolate Clasico,Supermercado,39.79,479,19057.99,0,2764.02,0.79,42.59,0
27/02/23,LUM-CHO-100,Chocolate Clasico,Supermercado,30.16,871,26271.92,0.25,,0.804,,0
06/03/23,LUM-CHO-100,Chocolate Clasico,Supermercado,29.85,835,24921.97,0.25,4550.63,0.826,42.74,0
13/03/23,LUM-CHO-100,Chocolate Clasico,Supermercado,39.89,468,18669.85,0,3133.42,0.805,42.6,0
20/03/23,LUM-CHO-100,Chocolate Clasico,Supermercado,39.85,429,17096.53,0,1643.24,0.786,39.87,0
27/03/23,LUM-CHO-100,Chocolate Clasico,Supermercado,40.16,491,19718.11,0,2279.56,0.809,41.99,0
03/04/23,LUM-CHO-100,Chocolate Clasico,Supermercado,39.9,420,16758.42,0,2327.71,0.776,40.96,0
10/04/23,LUM-CHO-100,Chocolate Clasico,Supermercado,30.12,914,27526.82,0.25,5534.9,0.806,42.7,0
17/04/23,LUM-CHO-100,Chocolate Clasico,Supermercado,39.86,409,16304.6,0,1514.67,0.753,39.61,0
24/04/23,LUM-CHO-100,Chocolate Clasico,Supermercado,40.13,494,19823.2,0,3574.42,0.787,41.23,0
01/05/23,LUM-CHO-100,Chocolate Clasico,Supermercado,31.76,700,22232.7,0.2,4945.73,0.773,42.46,0
08/05/23,LUM-CHO-100,Chocolate Clasico,Supermercado,40.14,510,20470.9,0,1515.46,0.783,41.85,1
15/05/23,LUM-CHO-100,Chocolate Clasico,Supermercado,40.07,583,23363.41,0,2420.48,0.839,40.24,1
22/05/23,LUM-CHO-100,Chocolate Clasico,Supermercado,40.07,452,18111.82,0,2867.65,0.821,43.73,0
29/05/23,LUM-CHO-100,Chocolate Clasico,Supermercado,39.8,458,18226.24,0,1567.49,0.791,42.27,0
05/06/23,LUM-CHO-100,Chocolate Clasico,Supermercado,39.53,584,23085.14,0,3228.59,0.81,43.87,0
12/06/23,LUM-CHO-100,Chocolate Clasico,Supermercado,40.13,431,17297.16,0,2800.78,0.75,40.6,0
19/06/23,LUM-CHO-100,Chocolate Clasico,Supermercado,33.83,645,21822.61,0.15,5081.02,0.808,39.95,0
26/06/23,LUM-CHO-100,Chocolate Clasico,Supermercado,39.84,516,20559.7,0,3925.95,0.812,41.62,0
03/07/23,LUM-CHO-100,Chocolate Clasico,Supermercado,39.84,424,16892.26,0,2056.08,0.782,44.4,0
10/07/23,LUM-CHO-100,Chocolate Clasico,Supermercado,40.27,471,18966.38,0,2888.71,0.83,41.66,0
17/07/23,LUM-CHO-100,Chocolate Clasico,Supermercado,29.84,866,25843.91,0.25,4280.8,0.797,39.6,0
24/07/23,LUM-CHO-100,Chocolate Clasico,Supermercado,40.51,449,18186.88,0,2814.37,0.806,43.98,0
31/07/23,LUM-CHO-100,Chocolate Clasico,Supermercado,39.87,420,16744.77,0,3751.82,0.821,41.72,0
07/08/23,LUM-CHO-100,Chocolate Clasico,Supermercado,35.61,543,19334.04,0.1,4912.61,0.807,43.17,0
14/08/23,LUM-CHO-100,Chocolate Clasico,Supermercado,39.71,434,17235.74,0,2596.16,0.802,41.08,0
21/08/23,LUM-CHO-100,Chocolate Clasico,Supermercado,30.34,759,23026.39,0.25,3662.37,0.829,42,0
28/08/23,LUM-CHO-100,Chocolate Clasico,Supermercado,39.61,421,16675.8,0,3286.93,0.806,39.36,0
04/09/23,LUM-CHO-100,Chocolate Clasico,Supermercado,39.85,425,16934.15,0,3003.59,0.84,43.3,0
11/09/23,LUM-CHO-100,Chocolate Clasico,Supermercado,31.82,711,22625.33,0.2,4386.71,0.82,41.49,0
18/09/23,LUM-CHO-100,Chocolate Clasico,Supermercado,40.81,374,15261.29,0,2384.46,0.796,40.35,0
25/09/23,LUM-CHO-100,Chocolate Clasico,Supermercado,32.08,670,21494.13,0.2,4709.39,0.8,38.69,0
02/10/23,LUM-CHO-100,Chocolate Clasico,Supermercado,39.66,434,17212.45,0,2202.92,0.874,40.03,0
09/10/23,LUM-CHO-100,Chocolate Clasico,Supermercado,39.44,488,19245.51,0,1634.43,0.873,39.5,0
16/10/23,LUM-CHO-100,Chocolate Clasico,Supermercado,34.79,630,21917.81,0.15,6496.52,0.83,41.15,0
23/10/23,LUM-CHO-100,Chocolate Clasico,Supermercado,32.2,698,22474.9,0.2,5099.63,0.813,39.92,0
30/10/23,LUM-CHO-100,Chocolate Clasico,Supermercado,29.94,869,26014.44,0.25,5959.54,0.835,41.73,0
06/11/23,LUM-CHO-100,Chocolate Clasico,Supermercado,40.02,484,19368.23,0,2837.37,0.806,41.48,0
13/11/23,LUM-CHO-100,Chocolate Clasico,Supermercado,40.5,496,20089.72,0,1765.69,0.806,43.81,1
20/11/23,LUM-CHO-100,Chocolate Clasico,Supermercado,36.14,702,25369.07,0.1,5540.82,0.849,40.2,1
27/11/23,LUM-CHO-100,Chocolate Clasico,Supermercado,40.08,456,18278.48,0,2522.38,0.82,41.33,0
04/12/23,LUM-CHO-100,Chocolate Clasico,Supermercado,40.47,518,20963.91,0,2732.38,0.822,42.51,1
11/12/23,LUM-CHO-100,Chocolate Clasico,Supermercado,39.44,559,22045.76,0,1449.6,0.872,42.21,1
18/12/23,LUM-CHO-100,Chocolate Clasico,Supermercado,39.98,622,24867.79,0,3575.03,0.822,42.39,1
25/12/23,LUM-CHO-100,Chocolate Clasico,Supermercado,40.38,578,23337.77,0,2929.24,0.875,43.16,1
01/01/24,LUM-CHO-100,Chocolate Clasico,Supermercado,41.82,471,19698.28,0,1716.27,0.857,44.64,0
08/01/24,LUM-CHO-100,Chocolate Clasico,Supermercado,33.75,748,25247.49,0.2,4020.97,0.851,43.78,0
15/01/24,LUM-CHO-100,Chocolate Clasico,Supermercado,41.63,484,20147.32,0,2075.8,0.85,41.81,0
22/01/24,LUM-CHO-100,Chocolate Clasico,Supermercado,33.11,722,23908.7,0.2,6066.48,0.843,43.93,0
29/01/24,LUM-CHO-100,Chocolate Clasico,Supermercado,41.9,475,19903.35,0,3812.16,0.846,40.55,0
05/02/24,LUM-CHO-100,Chocolate Clasico,Supermercado,33.6,883,29667.1,0.2,5834.94,0.846,42.84,0
12/02/24,LUM-CHO-100,Chocolate Clasico,Supermercado,42.16,476,20066.87,0,2802.76,0.844,42.57,0
19/02/24,LUM-CHO-100,Chocolate Clasico,Supermercado,37.57,720,27053.35,0.1,4406.1,0.864,43.24,0
26/02/24,LUM-CHO-100,Chocolate Clasico,Supermercado,41.55,531,22063.76,0,3233.29,0.845,43.23,0
26/02/24,LUM-CHO-100,Chocolate Clasico,Supermercado,41.55,531,22063.76,0,3233.29,0.845,43.23,0
04/03/24,LUM-CHO-100,Chocolate Clasico,Supermercado,42.09,433,18223.46,0,4345.74,0.855,43.47,0
11/03/24,LUM-CHO-100,Chocolate Clasico,Supermercado,42.34,443,18755.05,0,3582.16,0.845,41.66,0
18/03/24,LUM-CHO-100,Chocolate Clasico,Supermercado,41.26,447,18445.25,0,2993.14,0.854,43.31,0
25/03/24,LUM-CHO-100,Chocolate Clasico,Supermercado,41.03,486,19939.37,0,2944.54,0.832,43.68,0
01/04/24,LUM-CHO-100,Chocolate Clasico,Supermercado,42.05,486,20438.34,0,2071.5,0.858,43.47,0
08/04/24,LUM-CHO-100,Chocolate Clasico,Supermercado,42.07,509,21415.86,0,2400.62,0.859,43.58,0
15/04/24,LUM-CHO-100,Chocolate Clasico,Supermercado,41.13,475,19538.42,0,849.79,0.81,41.8,0
22/04/24,LUM-CHO-100,Chocolate Clasico,Supermercado,41.7,553,23062.72,0,3595.76,0.875,43.27,0
29/04/24,LUM-CHO-100,Chocolate Clasico,Supermercado,41.83,456,19074.85,0,1489.6,0.834,42.2,0
06/05/24,LUM-CHO-100,Chocolate Clasico,Supermercado,42.07,481,20235.05,0,2894.62,0.815,42.22,0
13/05/24,LUM-CHO-100,Chocolate Clasico,Supermercado,41.76,537,22423.06,0,2146.25,0.874,42.65,1
20/05/24,LUM-CHO-100,Chocolate Clasico,Supermercado,41.58,532,22121.2,0,2846.5,0.847,43.77,0
27/05/24,LUM-CHO-100,Chocolate Clasico,Supermercado,41.69,516,21509.65,0,2351.38,0.88,44.98,0
03/06/24,LUM-CHO-100,Chocolate Clasico,Supermercado,41.76,536,22381.3,0,4157.74,0.903,43.53,0
10/06/24,LUM-CHO-100,Chocolate Clasico,Supermercado,42.16,461,19435.71,0,2580.6,0.863,44.31,0
17/06/24,LUM-CHO-100,Chocolate Clasico,Supermercado,41.27,530,21872.28,0,2255.99,0.828,42.5,0
24/06/24,LUM-CHO-100,Chocolate Clasico,Supermercado,42.17,485,20452.37,0,2294.69,0.866,43.44,0
01/07/24,LUM-CHO-100,Chocolate Clasico,Supermercado,42.01,563,23649.97,0,1743.55,0.885,43.7,0
08/07/24,LUM-CHO-100,Chocolate Clasico,Supermercado,41.87,470,19681.06,0,3035.58,0.861,43.47,0
15/07/24,LUM-CHO-100,Chocolate Clasico,Supermercado,41.54,471,19565.03,0,3099.19,0.839,44.78,0
22/07/24,LUM-CHO-100,Chocolate Clasico,Supermercado,41.7,451,18808.63,0,3301.66,0.853,40.7,0
29/07/24,LUM-CHO-100,Chocolate Clasico,Supermercado,41.13,435,17893.41,0,3271.39,0.896,41.74,0
05/08/24,LUM-CHO-100,Chocolate Clasico,Supermercado,40.81,503,20526.76,0,2926.16,0.924,41.64,0
12/08/24,LUM-CHO-100,Chocolate Clasico,Supermercado,41.28,454,18740.22,0,2535.42,0.866,44.07,0
19/08/24,LUM-CHO-100,Chocolate Clasico,Supermercado,35.72,737,26325.61,0.15,4472.39,0.906,42.4,0
26/08/24,LUM-CHO-100,Chocolate Clasico,Supermercado,41.74,437,18238.64,0,3691.28,0.855,43.6,0
02/09/24,LUM-CHO-100,Chocolate Clasico,Supermercado,31.74,703,22314.93,0.25,4863.58,0.843,44.69,0
09/09/24,LUM-CHO-100,Chocolate Clasico,Supermercado,42.01,372,15628.9,0,804.3,0.897,42.54,0
16/09/24,LUM-CHO-100,Chocolate Clasico,Supermercado,41.52,422,17523.01,0,2409.97,0.865,42.95,0
23/09/24,LUM-CHO-100,Chocolate Clasico,Supermercado,41.46,439,18202.15,0,2888.78,0.887,43.93,0
30/09/24,LUM-CHO-100,Chocolate Clasico,Supermercado,42.48,372,15802.76,0,2034.85,0.863,42.64,0
07/10/24,LUM-CHO-100,Chocolate Clasico,Supermercado,41.5,453,18800.76,0,2638.36,0.88,42.05,0
14/10/24,LUM-CHO-100,Chocolate Clasico,Supermercado,33.64,737,24791.06,0.2,5340.98,0.887,41.6,0
21/10/24,LUM-CHO-100,Chocolate Clasico,Supermercado,41.89,459,19226.42,0,1508.88,0.879,45.52,0
28/10/24,LUM-CHO-100,Chocolate Clasico,Supermercado,41.72,374,15601.62,0,1732.74,0.815,42.96,0
04/11/24,LUM-CHO-100,Chocolate Clasico,Supermercado,42.04,467,19632.16,0,1971.9,0.847,44.07,0
11/11/24,LUM-CHO-100,Chocolate Clasico,Supermercado,31.04,884,27442.39,0.25,3961.18,0.923,,0
18/11/24,LUM-CHO-100,Chocolate Clasico,Supermercado,41.63,507,21104.34,0,1268.78,0.884,44.04,1
25/11/24,LUM-CHO-100,Chocolate Clasico,Supermercado,42.23,472,19930.75,0,3005.85,0.863,45.04,0
02/12/24,LUM-CHO-100,Chocolate Clasico,Supermercado,35.05,797,27935.56,0.15,4132.2,,43.53,1
09/12/24,LUM-CHO-100,Chocolate Clasico,Supermercado,41.37,549,22712.73,0,2139.52,0.887,45.13,1
16/12/24,LUM-CHO-100,Chocolate Clasico,Supermercado,41.81,546,22828.66,0,2953.35,0.867,42.7,1
23/12/24,LUM-CHO-100,Chocolate Clasico,Supermercado,38.03,710,27001.37,0.1,6408.2,0.823,47.72,1
30/12/24,LUM-CHO-100,Chocolate Clasico,Supermercado,41.15,604,24856,0,2457.56,0.877,41.19,1
06/01/25,LUM-CHO-100,Chocolate Clasico,Supermercado,43.86,495,21712.82,0,4139.51,0.902,45.88,0
13/01/25,LUM-CHO-100,Chocolate Clasico,Supermercado,43.63,521,22731.95,0,2723.29,0.843,44.78,0
20/01/25,LUM-CHO-100,Chocolate Clasico,Supermercado,43.62,451,19672.68,0,3040.44,0.859,45.85,0
27/01/25,LUM-CHO-100,Chocolate Clasico,Supermercado,43.74,447,19553.12,0,1331.03,0.88,45.47,0
03/02/25,LUM-CHO-100,Chocolate Clasico,Supermercado,43.56,443,19297.69,0,1388.26,0.846,46.04,0
10/02/25,LUM-CHO-100,Chocolate Clasico,Supermercado,42.78,526,22504.78,0,2064.59,0.897,42.52,0
17/02/25,LUM-CHO-100,Chocolate Clasico,Supermercado,43.8,491,21507.31,0,2915.14,0.901,46.15,0
24/02/25,LUM-CHO-100,Chocolate Clasico,Supermercado,43.97,485,21323.71,0,2209.01,0.923,45.06,0
03/03/25,LUM-CHO-100,Chocolate Clasico,Supermercado,37.36,780,29143.72,0.15,5435.56,0.882,45.34,0
10/03/25,LUM-CHO-100,Chocolate Clasico,Supermercado,34.32,761,26113.94,0.2,3459.73,0.874,43.16,0
17/03/25,LUM-CHO-100,Chocolate Clasico,Supermercado,43.61,512,22328.69,0,1826.89,0.889,45.27,0
24/03/25,LUM-CHO-100,Chocolate Clasico,Supermercado,43.34,498,21583.3,0,2433.85,0.91,46.06,0
31/03/25,LUM-CHO-100,Chocolate Clasico,Supermercado,43.93,436,19151.82,0,2441.98,0.897,43.81,0
07/04/25,LUM-CHO-100,Chocolate Clasico,Supermercado,43.92,404,17743.94,0,2527.87,0.872,47.41,0
14/04/25,LUM-CHO-100,Chocolate Clasico,Supermercado,43.16,481,20759,0,2811.94,0.936,46.04,0
21/04/25,LUM-CHO-100,Chocolate Clasico,Supermercado,43.29,511,22121.08,0,3011.55,0.901,44.74,0
28/04/25,LUM-CHO-100,Chocolate Clasico,Supermercado,43.74,528,23092.74,0,1385.1,0.921,42.05,0
05/05/25,LUM-CHO-100,Chocolate Clasico,Supermercado,44.1,523,23062.23,0,2674.28,0.856,47.3,0
12/05/25,LUM-CHO-100,Chocolate Clasico,Supermercado,43.86,525,23027.25,0,2608.59,0.881,45.16,1
19/05/25,LUM-CHO-100,Chocolate Clasico,Supermercado,44.4,523,23219.6,0,,0.932,47.5,0
26/05/25,LUM-CHO-100,Chocolate Clasico,Supermercado,35.07,778,27283.31,0.2,5677.68,0.924,46.11,0
02/06/25,LUM-CHO-100,Chocolate Clasico,Supermercado,37.15,814,30243.1,0.15,6461.36,0.874,48.1,0
09/06/25,LUM-CHO-100,Chocolate Clasico,Supermercado,43.77,511,22366.56,0,2752.1,0.907,43.85,0
16/06/25,LUM-CHO-100,Chocolate Clasico,Supermercado,43.7,522,22812.5,0,2540.2,0.907,48.2,0
23/06/25,LUM-CHO-100,Chocolate Clasico,Supermercado,43.68,486,21230.91,0,2447.81,0.91,43.78,0
30/06/25,LUM-CHO-100,Chocolate Clasico,Supermercado,43.42,495,21493.04,0,2893.45,0.923,42.44,0
07/07/25,LUM-CHO-100,Chocolate Clasico,Supermercado,44.03,457,20121.23,0,2629.18,0.937,44.49,0
14/07/25,LUM-CHO-100,Chocolate Clasico,Supermercado,43.8,457,20017.25,0,3424.98,0.944,45.35,0
21/07/25,LUM-CHO-100,Chocolate Clasico,Supermercado,43.57,448,19519.13,0,2166.58,0.908,45.7,0
28/07/25,LUM-CHO-100,Chocolate Clasico,Supermercado,43.46,426,18514.61,0,2783.08,0.904,45.62,0
04/08/25,LUM-CHO-100,Chocolate Clasico,Supermercado,43.51,430,18710.52,0,1012.51,0.886,42.42,0
11/08/25,LUM-CHO-100,Chocolate Clasico,Supermercado,43.69,492,21496.37,0,595.37,0.946,46.04,0
18/08/25,LUM-CHO-100,Chocolate Clasico,Supermercado,43.29,471,20388.13,0,1929.24,0.898,44.52,0
25/08/25,LUM-CHO-100,Chocolate Clasico,Supermercado,39.89,599,23894.57,0.1,6515.27,0.919,45.95,0
01/09/25,LUM-CHO-100,Chocolate Clasico,Supermercado,43.81,426,18662.51,0,2069.55,0.94,47.05,0
08/09/25,LUM-CHO-100,Chocolate Clasico,Supermercado,43.51,441,19187.85,0,2808.93,0.921,45.27,0
15/09/25,LUM-CHO-100,Chocolate Clasico,Supermercado,43.83,426,18671.37,0,1863.49,0.938,43.37,0
22/09/25,LUM-CHO-100,Chocolate Clasico,Supermercado,43.71,412,18008.66,0,1593.37,0.943,44.84,0
29/09/25,LUM-CHO-100,Chocolate Clasico,Supermercado,32.75,712,23316.96,0.25,5743.21,0.898,45.51,0
06/10/25,LUM-CHO-100,Chocolate Clasico,Supermercado,43,439,18875.5,0,2522.43,0.918,44.67,0
13/10/25,LUM-CHO-100,Chocolate Clasico,Supermercado,44.01,445,19585.41,0,1780.01,0.896,46.22,0
20/10/25,LUM-CHO-100,Chocolate Clasico,Supermercado,32.65,830,27097.59,0.25,4781.7,0.905,44.65,0
27/10/25,LUM-CHO-100,Chocolate Clasico,Supermercado,43.57,391,17036.68,0,1953.26,0.91,46.05,0
03/11/25,LUM-CHO-100,Chocolate Clasico,Supermercado,43.82,521,22828.75,0,3791.21,0.924,44.62,0
10/11/25,LUM-CHO-100,Chocolate Clasico,Supermercado,32.7,906,29627.71,0.25,4392.82,0.931,44.2,0
17/11/25,LUM-CHO-100,Chocolate Clasico,Supermercado,32.91,1199,39454.73,0.25,6277.23,0.959,46.44,1
24/11/25,LUM-CHO-100,Chocolate Clasico,Supermercado,34.42,804,27672.88,0.2,5289.42,0.909,43.88,0
01/12/25,LUM-CHO-100,Chocolate Clasico,Supermercado,44.34,561,24874.02,0,2425.8,0.942,46.23,1
08/12/25,LUM-CHO-100,Chocolate Clasico,Supermercado,43.84,550,24110.72,0,2832.22,0.97,46.5,1
15/12/25,LUM-CHO-100,Chocolate Clasico,Supermercado,37.1,968,35915.46,0.15,5864.8,0.939,46.15,1
22/12/25,LUM-CHO-100,Chocolate Clasico,Supermercado,43.78,433,18957.66,0,402.05,0.943,46.12,1
29/12/25,LUM-CHO-100,Chocolate Clasico,Supermercado,38.77,877,34002.05,0.1,4328.18,0.948,43.73,1